{"/*":["X-Frame-Options: DENY","X-XSS-Protection: 1; mode=block","X-Content-Type-Options: nosniff","Referrer-Policy: same-origin"],"/component---cache-caches-gatsby-plugin-offline-app-shell-js-9f4d4537378ea16ff060.js":["Cache-Control: public, max-age=31536000, immutable"],"/a41f1a2e998f77858e5019b96fc48f092f688491-a57c1dd69d0ddd29649d.js":["Cache-Control: public, max-age=31536000, immutable"],"/0d74a5ec66379fcb1ddb156c627ed6a45a00bab6-cb170e340f7faf99144a.js":["Cache-Control: public, max-age=31536000, immutable"],"/component---src-templates-blog-post-js-ae847e8793a52d6e5a47.js":["Cache-Control: public, max-age=31536000, immutable"],"/component---src-templates-tag-page-js-e7f2152c30433bb68707.js":["Cache-Control: public, max-age=31536000, immutable"],"/component---src-pages-404-js-0d56deaae50397847187.js":["Cache-Control: public, max-age=31536000, immutable"],"/component---src-pages-about-js-bc2f33f32341cefdbefc.js":["Cache-Control: public, max-age=31536000, immutable"],"/component---src-pages-blog-js-a06ef95e72d1591298fa.js":["Cache-Control: public, max-age=31536000, immutable"],"/component---src-pages-index-js-909cd2151fe690cca3ac.js":["Cache-Control: public, max-age=31536000, immutable"],"/component---src-pages-tags-js-44b1dc953d41a9c05ae1.js":["Cache-Control: public, max-age=31536000, immutable"],"/webpack-runtime-21ce7ff5c725672454f1.js":["Cache-Control: public, max-age=31536000, immutable"],"/framework-3dfb91c7983703fcf6e5.js":["Cache-Control: public, max-age=31536000, immutable"],"/styles.fec8c8e83b5dbd899b48.css":["Cache-Control: public, max-age=31536000, immutable"],"/app-b83725a7643078225ebb.js":["Cache-Control: public, max-age=31536000, immutable"],"/static/*":["Cache-Control: public, max-age=31536000, immutable"],"/sw.js":["Cache-Control: public, max-age=0, must-revalidate"],"/offline-plugin-app-shell-fallback/":["Link: </webpack-runtime-21ce7ff5c725672454f1.js>; rel=preload; as=script; nopush","Link: </framework-3dfb91c7983703fcf6e5.js>; rel=preload; as=script; nopush","Link: </app-b83725a7643078225ebb.js>; rel=preload; as=script; nopush","Link: </component---cache-caches-gatsby-plugin-offline-app-shell-js-9f4d4537378ea16ff060.js>; rel=preload; as=script; nopush","Link: </page-data/app-data.json>; rel=preload; as=fetch; crossorigin; nopush","Link: </page-data/offline-plugin-app-shell-fallback/page-data.json>; rel=preload; as=fetch; crossorigin; nopush"],"/first-post/":["Link: </webpack-runtime-21ce7ff5c725672454f1.js>; rel=preload; as=script; nopush","Link: </framework-3dfb91c7983703fcf6e5.js>; rel=preload; as=script; nopush","Link: </app-b83725a7643078225ebb.js>; rel=preload; as=script; nopush","Link: </a41f1a2e998f77858e5019b96fc48f092f688491-a57c1dd69d0ddd29649d.js>; rel=preload; as=script; nopush","Link: </0d74a5ec66379fcb1ddb156c627ed6a45a00bab6-cb170e340f7faf99144a.js>; rel=preload; as=script; nopush","Link: </component---src-templates-blog-post-js-ae847e8793a52d6e5a47.js>; rel=preload; as=script; nopush","Link: </page-data/app-data.json>; rel=preload; as=fetch; crossorigin; nopush","Link: </page-data/first-post/page-data.json>; rel=preload; as=fetch; crossorigin; nopush"],"/Fransa-Avustralya/":["Link: </webpack-runtime-21ce7ff5c725672454f1.js>; rel=preload; as=script; nopush","Link: </framework-3dfb91c7983703fcf6e5.js>; rel=preload; as=script; nopush","Link: </app-b83725a7643078225ebb.js>; rel=preload; as=script; nopush","Link: </a41f1a2e998f77858e5019b96fc48f092f688491-a57c1dd69d0ddd29649d.js>; rel=preload; as=script; nopush","Link: </0d74a5ec66379fcb1ddb156c627ed6a45a00bab6-cb170e340f7faf99144a.js>; rel=preload; as=script; nopush","Link: </component---src-templates-blog-post-js-ae847e8793a52d6e5a47.js>; rel=preload; as=script; nopush","Link: </page-data/app-data.json>; rel=preload; as=fetch; crossorigin; nopush","Link: </page-data/Fransa-Avustralya/page-data.json>; rel=preload; as=fetch; crossorigin; nopush"],"/Bilim-adamlari/":["Link: </webpack-runtime-21ce7ff5c725672454f1.js>; rel=preload; as=script; nopush","Link: </framework-3dfb91c7983703fcf6e5.js>; rel=preload; as=script; nopush","Link: </app-b83725a7643078225ebb.js>; rel=preload; as=script; nopush","Link: </a41f1a2e998f77858e5019b96fc48f092f688491-a57c1dd69d0ddd29649d.js>; rel=preload; as=script; nopush","Link: </0d74a5ec66379fcb1ddb156c627ed6a45a00bab6-cb170e340f7faf99144a.js>; rel=preload; as=script; nopush","Link: </component---src-templates-blog-post-js-ae847e8793a52d6e5a47.js>; rel=preload; as=script; nopush","Link: </page-data/app-data.json>; rel=preload; as=fetch; crossorigin; nopush","Link: </page-data/Bilim-adamlari/page-data.json>; rel=preload; as=fetch; crossorigin; nopush"],"/Gecen-hafta-Fransa/":["Link: </webpack-runtime-21ce7ff5c725672454f1.js>; rel=preload; as=script; nopush","Link: </framework-3dfb91c7983703fcf6e5.js>; rel=preload; as=script; nopush","Link: </app-b83725a7643078225ebb.js>; rel=preload; as=script; nopush","Link: </a41f1a2e998f77858e5019b96fc48f092f688491-a57c1dd69d0ddd29649d.js>; rel=preload; as=script; nopush","Link: </0d74a5ec66379fcb1ddb156c627ed6a45a00bab6-cb170e340f7faf99144a.js>; rel=preload; as=script; nopush","Link: </component---src-templates-blog-post-js-ae847e8793a52d6e5a47.js>; rel=preload; as=script; nopush","Link: </page-data/app-data.json>; rel=preload; as=fetch; crossorigin; nopush","Link: </page-data/Gecen-hafta-Fransa/page-data.json>; rel=preload; as=fetch; crossorigin; nopush"],"/GW-Ori-Orion/":["Link: </webpack-runtime-21ce7ff5c725672454f1.js>; rel=preload; as=script; nopush","Link: </framework-3dfb91c7983703fcf6e5.js>; rel=preload; as=script; nopush","Link: </app-b83725a7643078225ebb.js>; rel=preload; as=script; nopush","Link: </a41f1a2e998f77858e5019b96fc48f092f688491-a57c1dd69d0ddd29649d.js>; rel=preload; as=script; nopush","Link: </0d74a5ec66379fcb1ddb156c627ed6a45a00bab6-cb170e340f7faf99144a.js>; rel=preload; as=script; nopush","Link: </component---src-templates-blog-post-js-ae847e8793a52d6e5a47.js>; rel=preload; as=script; nopush","Link: </page-data/app-data.json>; rel=preload; as=fetch; crossorigin; nopush","Link: </page-data/GW-Ori-Orion/page-data.json>; rel=preload; as=fetch; crossorigin; nopush"],"/La-Palma-adasinda/":["Link: </webpack-runtime-21ce7ff5c725672454f1.js>; rel=preload; as=script; nopush","Link: </framework-3dfb91c7983703fcf6e5.js>; rel=preload; as=script; nopush","Link: </app-b83725a7643078225ebb.js>; rel=preload; as=script; nopush","Link: </a41f1a2e998f77858e5019b96fc48f092f688491-a57c1dd69d0ddd29649d.js>; rel=preload; as=script; nopush","Link: </0d74a5ec66379fcb1ddb156c627ed6a45a00bab6-cb170e340f7faf99144a.js>; rel=preload; as=script; nopush","Link: </component---src-templates-blog-post-js-ae847e8793a52d6e5a47.js>; rel=preload; as=script; nopush","Link: </page-data/app-data.json>; rel=preload; as=fetch; crossorigin; nopush","Link: </page-data/La-Palma-adasinda/page-data.json>; rel=preload; as=fetch; crossorigin; nopush"],"/Soyuz-astronot/":["Link: </webpack-runtime-21ce7ff5c725672454f1.js>; rel=preload; as=script; nopush","Link: </framework-3dfb91c7983703fcf6e5.js>; rel=preload; as=script; nopush","Link: </app-b83725a7643078225ebb.js>; rel=preload; as=script; nopush","Link: </a41f1a2e998f77858e5019b96fc48f092f688491-a57c1dd69d0ddd29649d.js>; rel=preload; as=script; nopush","Link: </0d74a5ec66379fcb1ddb156c627ed6a45a00bab6-cb170e340f7faf99144a.js>; rel=preload; as=script; nopush","Link: </component---src-templates-blog-post-js-ae847e8793a52d6e5a47.js>; rel=preload; as=script; nopush","Link: </page-data/app-data.json>; rel=preload; as=fetch; crossorigin; nopush","Link: </page-data/Soyuz-astronot/page-data.json>; rel=preload; as=fetch; crossorigin; nopush"],"/Abu-Zubaydah/":["Link: </webpack-runtime-21ce7ff5c725672454f1.js>; rel=preload; as=script; nopush","Link: </framework-3dfb91c7983703fcf6e5.js>; rel=preload; as=script; nopush","Link: </app-b83725a7643078225ebb.js>; rel=preload; as=script; nopush","Link: </a41f1a2e998f77858e5019b96fc48f092f688491-a57c1dd69d0ddd29649d.js>; rel=preload; as=script; nopush","Link: </0d74a5ec66379fcb1ddb156c627ed6a45a00bab6-cb170e340f7faf99144a.js>; rel=preload; as=script; nopush","Link: </component---src-templates-blog-post-js-ae847e8793a52d6e5a47.js>; rel=preload; as=script; nopush","Link: </page-data/app-data.json>; rel=preload; as=fetch; crossorigin; nopush","Link: </page-data/Abu-Zubaydah/page-data.json>; rel=preload; as=fetch; crossorigin; nopush"],"/Calisma/":["Link: </webpack-runtime-21ce7ff5c725672454f1.js>; rel=preload; as=script; nopush","Link: </framework-3dfb91c7983703fcf6e5.js>; rel=preload; as=script; nopush","Link: </app-b83725a7643078225ebb.js>; rel=preload; as=script; nopush","Link: </a41f1a2e998f77858e5019b96fc48f092f688491-a57c1dd69d0ddd29649d.js>; rel=preload; as=script; nopush","Link: </0d74a5ec66379fcb1ddb156c627ed6a45a00bab6-cb170e340f7faf99144a.js>; rel=preload; as=script; nopush","Link: </component---src-templates-blog-post-js-ae847e8793a52d6e5a47.js>; rel=preload; as=script; nopush","Link: </page-data/app-data.json>; rel=preload; as=fetch; crossorigin; nopush","Link: </page-data/Calisma/page-data.json>; rel=preload; as=fetch; crossorigin; nopush"],"/Cin-Tayvan/":["Link: </webpack-runtime-21ce7ff5c725672454f1.js>; rel=preload; as=script; nopush","Link: </framework-3dfb91c7983703fcf6e5.js>; rel=preload; as=script; nopush","Link: </app-b83725a7643078225ebb.js>; rel=preload; as=script; nopush","Link: </a41f1a2e998f77858e5019b96fc48f092f688491-a57c1dd69d0ddd29649d.js>; rel=preload; as=script; nopush","Link: </0d74a5ec66379fcb1ddb156c627ed6a45a00bab6-cb170e340f7faf99144a.js>; rel=preload; as=script; nopush","Link: </component---src-templates-blog-post-js-ae847e8793a52d6e5a47.js>; rel=preload; as=script; nopush","Link: </page-data/app-data.json>; rel=preload; as=fetch; crossorigin; nopush","Link: </page-data/Cin-Tayvan/page-data.json>; rel=preload; as=fetch; crossorigin; nopush"],"/Boris-Johnson/":["Link: </webpack-runtime-21ce7ff5c725672454f1.js>; rel=preload; as=script; nopush","Link: </framework-3dfb91c7983703fcf6e5.js>; rel=preload; as=script; nopush","Link: </app-b83725a7643078225ebb.js>; rel=preload; as=script; nopush","Link: </a41f1a2e998f77858e5019b96fc48f092f688491-a57c1dd69d0ddd29649d.js>; rel=preload; as=script; nopush","Link: </0d74a5ec66379fcb1ddb156c627ed6a45a00bab6-cb170e340f7faf99144a.js>; rel=preload; as=script; nopush","Link: </component---src-templates-blog-post-js-ae847e8793a52d6e5a47.js>; rel=preload; as=script; nopush","Link: </page-data/app-data.json>; rel=preload; as=fetch; crossorigin; nopush","Link: </page-data/Boris-Johnson/page-data.json>; rel=preload; as=fetch; crossorigin; nopush"],"/Nobel-Kimya/":["Link: </webpack-runtime-21ce7ff5c725672454f1.js>; rel=preload; as=script; nopush","Link: </framework-3dfb91c7983703fcf6e5.js>; rel=preload; as=script; nopush","Link: </app-b83725a7643078225ebb.js>; rel=preload; as=script; nopush","Link: </a41f1a2e998f77858e5019b96fc48f092f688491-a57c1dd69d0ddd29649d.js>; rel=preload; as=script; nopush","Link: </0d74a5ec66379fcb1ddb156c627ed6a45a00bab6-cb170e340f7faf99144a.js>; rel=preload; as=script; nopush","Link: </component---src-templates-blog-post-js-ae847e8793a52d6e5a47.js>; rel=preload; as=script; nopush","Link: </page-data/app-data.json>; rel=preload; as=fetch; crossorigin; nopush","Link: </page-data/Nobel-Kimya/page-data.json>; rel=preload; as=fetch; crossorigin; nopush"],"/Wole-Soyinka/":["Link: </webpack-runtime-21ce7ff5c725672454f1.js>; rel=preload; as=script; nopush","Link: </framework-3dfb91c7983703fcf6e5.js>; rel=preload; as=script; nopush","Link: </app-b83725a7643078225ebb.js>; rel=preload; as=script; nopush","Link: </a41f1a2e998f77858e5019b96fc48f092f688491-a57c1dd69d0ddd29649d.js>; rel=preload; as=script; nopush","Link: </0d74a5ec66379fcb1ddb156c627ed6a45a00bab6-cb170e340f7faf99144a.js>; rel=preload; as=script; nopush","Link: </component---src-templates-blog-post-js-ae847e8793a52d6e5a47.js>; rel=preload; as=script; nopush","Link: </page-data/app-data.json>; rel=preload; as=fetch; crossorigin; nopush","Link: </page-data/Wole-Soyinka/page-data.json>; rel=preload; as=fetch; crossorigin; nopush"],"/tags/memetracker/":["Link: </webpack-runtime-21ce7ff5c725672454f1.js>; rel=preload; as=script; nopush","Link: </framework-3dfb91c7983703fcf6e5.js>; rel=preload; as=script; nopush","Link: </app-b83725a7643078225ebb.js>; rel=preload; as=script; nopush","Link: </a41f1a2e998f77858e5019b96fc48f092f688491-a57c1dd69d0ddd29649d.js>; rel=preload; as=script; nopush","Link: </0d74a5ec66379fcb1ddb156c627ed6a45a00bab6-cb170e340f7faf99144a.js>; rel=preload; as=script; nopush","Link: </component---src-templates-tag-page-js-e7f2152c30433bb68707.js>; rel=preload; as=script; nopush","Link: </page-data/app-data.json>; rel=preload; as=fetch; crossorigin; nopush","Link: </page-data/tags/memetracker/page-data.json>; rel=preload; as=fetch; crossorigin; nopush"],"/404/":["Link: </webpack-runtime-21ce7ff5c725672454f1.js>; rel=preload; as=script; nopush","Link: </framework-3dfb91c7983703fcf6e5.js>; rel=preload; as=script; nopush","Link: </app-b83725a7643078225ebb.js>; rel=preload; as=script; nopush","Link: </component---src-pages-404-js-0d56deaae50397847187.js>; rel=preload; as=script; nopush","Link: </page-data/app-data.json>; rel=preload; as=fetch; crossorigin; nopush","Link: </page-data/404/page-data.json>; rel=preload; as=fetch; crossorigin; nopush"],"/404.html":["Link: </webpack-runtime-21ce7ff5c725672454f1.js>; rel=preload; as=script; nopush","Link: </framework-3dfb91c7983703fcf6e5.js>; rel=preload; as=script; nopush","Link: </app-b83725a7643078225ebb.js>; rel=preload; as=script; nopush","Link: </component---src-pages-404-js-0d56deaae50397847187.js>; rel=preload; as=script; nopush","Link: </page-data/app-data.json>; rel=preload; as=fetch; crossorigin; nopush","Link: </page-data/404.html/page-data.json>; rel=preload; as=fetch; crossorigin; nopush"],"/about/":["Link: </webpack-runtime-21ce7ff5c725672454f1.js>; rel=preload; as=script; nopush","Link: </framework-3dfb91c7983703fcf6e5.js>; rel=preload; as=script; nopush","Link: </app-b83725a7643078225ebb.js>; rel=preload; as=script; nopush","Link: </a41f1a2e998f77858e5019b96fc48f092f688491-a57c1dd69d0ddd29649d.js>; rel=preload; as=script; nopush","Link: </0d74a5ec66379fcb1ddb156c627ed6a45a00bab6-cb170e340f7faf99144a.js>; rel=preload; as=script; nopush","Link: </component---src-pages-about-js-bc2f33f32341cefdbefc.js>; rel=preload; as=script; nopush","Link: </page-data/app-data.json>; rel=preload; as=fetch; crossorigin; nopush","Link: </page-data/about/page-data.json>; rel=preload; as=fetch; crossorigin; nopush"],"/blog/":["Link: </webpack-runtime-21ce7ff5c725672454f1.js>; rel=preload; as=script; nopush","Link: </framework-3dfb91c7983703fcf6e5.js>; rel=preload; as=script; nopush","Link: </app-b83725a7643078225ebb.js>; rel=preload; as=script; nopush","Link: </a41f1a2e998f77858e5019b96fc48f092f688491-a57c1dd69d0ddd29649d.js>; rel=preload; as=script; nopush","Link: </0d74a5ec66379fcb1ddb156c627ed6a45a00bab6-cb170e340f7faf99144a.js>; rel=preload; as=script; nopush","Link: </component---src-pages-blog-js-a06ef95e72d1591298fa.js>; rel=preload; as=script; nopush","Link: </page-data/app-data.json>; rel=preload; as=fetch; crossorigin; nopush","Link: </page-data/blog/page-data.json>; rel=preload; as=fetch; crossorigin; nopush"],"/":["Link: </webpack-runtime-21ce7ff5c725672454f1.js>; rel=preload; as=script; nopush","Link: </framework-3dfb91c7983703fcf6e5.js>; rel=preload; as=script; nopush","Link: </app-b83725a7643078225ebb.js>; rel=preload; as=script; nopush","Link: </a41f1a2e998f77858e5019b96fc48f092f688491-a57c1dd69d0ddd29649d.js>; rel=preload; as=script; nopush","Link: </component---src-pages-index-js-909cd2151fe690cca3ac.js>; rel=preload; as=script; nopush","Link: </page-data/app-data.json>; rel=preload; as=fetch; crossorigin; nopush","Link: </page-data/index/page-data.json>; rel=preload; as=fetch; crossorigin; nopush"],"/tags/":["Link: </webpack-runtime-21ce7ff5c725672454f1.js>; rel=preload; as=script; nopush","Link: </framework-3dfb91c7983703fcf6e5.js>; rel=preload; as=script; nopush","Link: </app-b83725a7643078225ebb.js>; rel=preload; as=script; nopush","Link: </a41f1a2e998f77858e5019b96fc48f092f688491-a57c1dd69d0ddd29649d.js>; rel=preload; as=script; nopush","Link: </0d74a5ec66379fcb1ddb156c627ed6a45a00bab6-cb170e340f7faf99144a.js>; rel=preload; as=script; nopush","Link: </component---src-pages-tags-js-44b1dc953d41a9c05ae1.js>; rel=preload; as=script; nopush","Link: </page-data/app-data.json>; rel=preload; as=fetch; crossorigin; nopush","Link: </page-data/tags/page-data.json>; rel=preload; as=fetch; crossorigin; nopush"]}