{"polyfill":["/polyfill-fb5add3c246e98495b7e.js"],"app":["/app-b83725a7643078225ebb.js"],"component---cache-caches-gatsby-plugin-offline-app-shell-js":["/component---cache-caches-gatsby-plugin-offline-app-shell-js-9f4d4537378ea16ff060.js"],"component---src-pages-404-js":["/component---src-pages-404-js-0d56deaae50397847187.js"],"component---src-pages-about-js":["/component---src-pages-about-js-bc2f33f32341cefdbefc.js"],"component---src-pages-blog-js":["/component---src-pages-blog-js-a06ef95e72d1591298fa.js"],"component---src-pages-index-js":["/component---src-pages-index-js-909cd2151fe690cca3ac.js"],"component---src-pages-tags-js":["/component---src-pages-tags-js-44b1dc953d41a9c05ae1.js"],"component---src-templates-blog-post-js":["/component---src-templates-blog-post-js-ae847e8793a52d6e5a47.js"],"component---src-templates-tag-page-js":["/component---src-templates-tag-page-js-e7f2152c30433bb68707.js"]}