{"namedChunkGroups":{"polyfill":{"name":"polyfill","assets":[{"name":"webpack-runtime-21ce7ff5c725672454f1.js","size":3919},{"name":"polyfill-fb5add3c246e98495b7e.js","size":85272}],"filteredAssets":0,"assetsSize":89191,"filteredAuxiliaryAssets":2,"auxiliaryAssetsSize":222331},"app":{"name":"app","assets":[{"name":"webpack-runtime-21ce7ff5c725672454f1.js","size":3919},{"name":"framework-3dfb91c7983703fcf6e5.js","size":128766},{"name":"styles.fec8c8e83b5dbd899b48.css","size":6622},{"name":"app-b83725a7643078225ebb.js","size":73690}],"filteredAssets":0,"assetsSize":212997,"filteredAuxiliaryAssets":31,"auxiliaryAssetsSize":1243222},"component---cache-caches-gatsby-plugin-offline-app-shell-js":{"name":"component---cache-caches-gatsby-plugin-offline-app-shell-js","assets":[{"name":"component---cache-caches-gatsby-plugin-offline-app-shell-js-9f4d4537378ea16ff060.js","size":503}],"filteredAssets":0,"assetsSize":503,"filteredAuxiliaryAssets":1,"auxiliaryAssetsSize":1642},"component---src-pages-404-js":{"name":"component---src-pages-404-js","assets":[{"name":"component---src-pages-404-js-0d56deaae50397847187.js","size":426}],"filteredAssets":0,"assetsSize":426,"filteredAuxiliaryAssets":1,"auxiliaryAssetsSize":590},"component---src-pages-about-js":{"name":"component---src-pages-about-js","assets":[{"name":"a41f1a2e998f77858e5019b96fc48f092f688491-a57c1dd69d0ddd29649d.js","size":54398},{"name":"0d74a5ec66379fcb1ddb156c627ed6a45a00bab6-cb170e340f7faf99144a.js","size":1363},{"name":"component---src-pages-about-js-bc2f33f32341cefdbefc.js","size":925}],"filteredAssets":0,"assetsSize":56686,"filteredAuxiliaryAssets":4,"auxiliaryAssetsSize":298531},"component---src-pages-blog-js":{"name":"component---src-pages-blog-js","assets":[{"name":"a41f1a2e998f77858e5019b96fc48f092f688491-a57c1dd69d0ddd29649d.js","size":54398},{"name":"0d74a5ec66379fcb1ddb156c627ed6a45a00bab6-cb170e340f7faf99144a.js","size":1363},{"name":"component---src-pages-blog-js-a06ef95e72d1591298fa.js","size":1442}],"filteredAssets":0,"assetsSize":57203,"filteredAuxiliaryAssets":4,"auxiliaryAssetsSize":396944},"component---src-pages-index-js":{"name":"component---src-pages-index-js","assets":[{"name":"a41f1a2e998f77858e5019b96fc48f092f688491-a57c1dd69d0ddd29649d.js","size":54398},{"name":"component---src-pages-index-js-909cd2151fe690cca3ac.js","size":2297}],"filteredAssets":0,"assetsSize":56695,"filteredAuxiliaryAssets":3,"auxiliaryAssetsSize":1189407},"component---src-pages-tags-js":{"name":"component---src-pages-tags-js","assets":[{"name":"a41f1a2e998f77858e5019b96fc48f092f688491-a57c1dd69d0ddd29649d.js","size":54398},{"name":"0d74a5ec66379fcb1ddb156c627ed6a45a00bab6-cb170e340f7faf99144a.js","size":1363},{"name":"component---src-pages-tags-js-44b1dc953d41a9c05ae1.js","size":4702}],"filteredAssets":0,"assetsSize":60463,"filteredAuxiliaryAssets":3,"auxiliaryAssetsSize":296817},"component---src-templates-blog-post-js":{"name":"component---src-templates-blog-post-js","assets":[{"name":"a41f1a2e998f77858e5019b96fc48f092f688491-a57c1dd69d0ddd29649d.js","size":54398},{"name":"0d74a5ec66379fcb1ddb156c627ed6a45a00bab6-cb170e340f7faf99144a.js","size":1363},{"name":"component---src-templates-blog-post-js-ae847e8793a52d6e5a47.js","size":2462}],"filteredAssets":0,"assetsSize":58223,"filteredAuxiliaryAssets":4,"auxiliaryAssetsSize":400239},"component---src-templates-tag-page-js":{"name":"component---src-templates-tag-page-js","assets":[{"name":"a41f1a2e998f77858e5019b96fc48f092f688491-a57c1dd69d0ddd29649d.js","size":54398},{"name":"0d74a5ec66379fcb1ddb156c627ed6a45a00bab6-cb170e340f7faf99144a.js","size":1363},{"name":"component---src-templates-tag-page-js-e7f2152c30433bb68707.js","size":912}],"filteredAssets":0,"assetsSize":56673,"filteredAuxiliaryAssets":3,"auxiliaryAssetsSize":279781}},"assetsByChunkName":{"polyfill":["webpack-runtime-21ce7ff5c725672454f1.js","polyfill-fb5add3c246e98495b7e.js"],"app":["webpack-runtime-21ce7ff5c725672454f1.js","framework-3dfb91c7983703fcf6e5.js","styles.fec8c8e83b5dbd899b48.css","app-b83725a7643078225ebb.js"],"component---cache-caches-gatsby-plugin-offline-app-shell-js":["component---cache-caches-gatsby-plugin-offline-app-shell-js-9f4d4537378ea16ff060.js"],"component---src-pages-404-js":["component---src-pages-404-js-0d56deaae50397847187.js"],"component---src-pages-about-js":["a41f1a2e998f77858e5019b96fc48f092f688491-a57c1dd69d0ddd29649d.js","0d74a5ec66379fcb1ddb156c627ed6a45a00bab6-cb170e340f7faf99144a.js","component---src-pages-about-js-bc2f33f32341cefdbefc.js"],"component---src-pages-blog-js":["a41f1a2e998f77858e5019b96fc48f092f688491-a57c1dd69d0ddd29649d.js","0d74a5ec66379fcb1ddb156c627ed6a45a00bab6-cb170e340f7faf99144a.js","component---src-pages-blog-js-a06ef95e72d1591298fa.js"],"component---src-pages-index-js":["a41f1a2e998f77858e5019b96fc48f092f688491-a57c1dd69d0ddd29649d.js","component---src-pages-index-js-909cd2151fe690cca3ac.js"],"component---src-pages-tags-js":["a41f1a2e998f77858e5019b96fc48f092f688491-a57c1dd69d0ddd29649d.js","0d74a5ec66379fcb1ddb156c627ed6a45a00bab6-cb170e340f7faf99144a.js","component---src-pages-tags-js-44b1dc953d41a9c05ae1.js"],"component---src-templates-blog-post-js":["a41f1a2e998f77858e5019b96fc48f092f688491-a57c1dd69d0ddd29649d.js","0d74a5ec66379fcb1ddb156c627ed6a45a00bab6-cb170e340f7faf99144a.js","component---src-templates-blog-post-js-ae847e8793a52d6e5a47.js"],"component---src-templates-tag-page-js":["a41f1a2e998f77858e5019b96fc48f092f688491-a57c1dd69d0ddd29649d.js","0d74a5ec66379fcb1ddb156c627ed6a45a00bab6-cb170e340f7faf99144a.js","component---src-templates-tag-page-js-e7f2152c30433bb68707.js"]},"childAssetsByChunkName":{}}